Country,Text,Translation,Type,Item,Region1,Region2,Region3,Region4,W1,W2,W3,W4,W5,W6,W7,W8,W9,W10,W11,W12,W13,W14,Region1_Surprisal,Region2_Surprisal,Region3_Surprisal,Region4_Surprisal
BCS,Conocían al atleta que venció finalmente al corredor el año pasado.,They knew the athlete that finally beat the runner last year.,SAA,1,5,6,7-8,9-11,25.667565,7.515949,13.737422,7.396646,13.213617,10.527263,4.197335,11.540693,4.499021,5.368899,5.506945,,,,13.213617,10.527263,15.738028,15.374865
BCS,Conocían la enfermedad que venció finalmente al corredor el año pasado.,They knew the illness that finally beat the runner last year.,SIA,1,5,6,7-8,9-11,25.667565,7.945636,7.866114,7.353349,13.351707,10.959213,4.390666,12.849134,4.587654,5.433043,5.002858,,,,13.351707,10.959213,17.2398,15.023555
BCS,Conocían al atleta que venció finalmente el corredor el año pasado.,They knew the athlete that the runner finally beat last year.,OAA,1,5,6,7-8,9-11,25.667565,7.515949,13.737422,7.396646,13.213617,10.527263,3.392647,11.144889,4.70786,5.415779,5.14303,,,,13.213617,10.527263,14.537536,15.266669
BCS,Conocían la enfermedad que venció finalmente el corredor el año pasado.,They knew the illness that the runner finally beat last year.,OIA,1,5,6,7-8,9-11,25.667565,7.945636,7.866114,7.353349,13.351707,10.959213,3.175822,13.066184,4.388397,5.44635,4.414388,,,,13.351707,10.959213,16.242006,14.249135
BCS,Antonio leyó al periodista que criticó duramente al escritor durante el certamen.,Antonio read to the journalist that harshly criticized the writer during the meeting.,SAA,2,6,7,8-9,10-11,11.339742,23.693383,8.630968,14.089126,6.358095,11.618551,15.528165,4.657929,8.421992,8.268362,2.274031,10.975221,,,11.618551,15.528165,13.079921,10.542393
BCS,Antonio leyó el artículo que criticó duramente al escritor durante el certamen.,Antonio read the article that harshly criticized the writer during the meeting.,SIA,2,6,7,8-9,10-11,11.339742,23.693383,7.099718,9.474956,3.416762,10.753471,13.952907,4.88043,8.433198,7.682234,2.227254,11.118915,,,10.753471,13.952907,13.313628,9.909488
BCS,Antonio leyó al periodista que criticó duramente el escritor durante el certamen.,Antonio read to the journalist that the writer harshly criticized during the meeting.,OAA,2,6,7,8-9,10-11,11.339742,23.693383,8.630968,14.089126,6.358095,11.618551,15.528165,3.73996,7.985753,8.201601,2.175044,10.72194,,,11.618551,15.528165,11.725713,10.376645
BCS,Antonio leyó el artículo que criticó duramente el escritor durante el certamen.,Antonio read the article that the writer harshly criticized during the meeting.,OIA,2,6,7,8-9,10-11,11.339742,23.693383,7.099718,9.474956,3.416762,10.753471,13.952907,3.84918,8.068808,7.629974,2.175454,10.930172,,,10.753471,13.952907,11.917988,9.805428
BCS,Aplaudieron al actor que llevó ese año al director a los óscars.,They applauded the actor that this year led the director to the Oscars.,SAA,3,5,6-7,8-9,10-12,32.770533,7.957097,14.273581,8.800771,8.030932,9.021206,3.544685,5.39288,6.071097,3.815791,3.484097,17.54735,,,8.030932,12.565891,11.463977,24.847238
BCS,Aplaudieron la película que llevó ese año al director a los óscars.,They applauded the film that this year led the director to the Oscars.,SIA,3,5,6-7,8-9,10-12,32.770533,9.3028,10.602098,4.54978,7.561266,8.821945,3.129817,5.649272,5.657224,3.901355,3.581532,16.484785,,,7.561266,11.951762,11.306496,23.967672
BCS,Aplaudieron al actor que llevó ese año el director a los óscars.,They applauded the actor that this year led the director to the Oscars.,OAA,3,5,6-7,8-9,10-12,32.770533,7.957097,14.273581,8.800771,8.030932,9.021206,3.544685,3.666317,7.021676,4.163432,3.460806,17.612713,,,8.030932,12.565891,10.687993,25.236951
BCS,Aplaudieron la película que llevó ese año el director a los óscars.,They applauded the film that the director this year led to the Oscars.,OIA,3,5,6-7,8-9,10-12,32.770533,9.3028,10.602098,4.54978,7.561266,8.821945,3.129817,3.551616,6.5768,4.300637,3.502359,16.839458,,,7.561266,11.951762,10.128416,24.642454
BCS,Conocían al abogado que ocultó premeditadamente al político del escándalo.,They knew the lawyer that with premeditation hid the politician from the scandal.,SAA,4,5,6,7-8,9-10,25.667565,7.515949,17.214995,5.409565,14.427629,27.374275,4.229574,9.129622,4.340229,17.211925,,,,,14.427629,27.374275,13.359196,21.552154
BCS,Conocían el informe que ocultó premeditadamente al político del escándalo.,They knew the report that with premeditation hid the politician from the scandal.,SIA,4,5,6,7-8,9-10,25.667565,7.648761,8.632036,8.206208,13.274444,29.309371,4.413944,9.659276,4.0903,16.324186,,,,,13.274444,29.309371,14.07322,20.414486
BCS,Conocían al abogado que ocultó premeditadamente el político del escándalo.,They knew the lawyer that with premeditation hid the politician from the scandal.,OAA,4,5,6,7-8,9-10,25.667565,7.515949,17.214995,5.409565,14.427629,27.374275,3.424887,10.170942,4.276246,16.266951,,,,,14.427629,27.374275,13.595829,20.543197
BCS,Conocían el informe que ocultó premeditadamente el político del escándalo.,They knew the report that with premeditation hid the politician from the scandal.,OIA,4,5,6,7-8,9-10,25.667565,7.648761,8.632036,8.206208,13.274444,29.309371,3.484257,10.250917,4.038518,15.394423,,,,,13.274444,29.309371,13.735174,19.432941
BCS,Los socios vieron al contable que censuró duramente al director en la junta.,The associates saw the accountant that harshly censured the director in the meeting.,SAA,5,7,8,9-10,11-13,9.696346,9.525186,10.933015,5.497003,13.687396,5.38411,19.453382,16.141103,4.749869,7.455222,4.822701,2.167651,8.716574,,19.453382,16.141103,12.205091,15.706926
BCS,Los socios vieron el documento que censuró duramente al director en la junta.,The associates saw the document that harshly censured the director in the meeting.,SIA,5,7,8,9-10,11-13,9.696346,9.525186,10.933015,4.192316,8.39385,3.278224,19.740659,15.639498,4.892908,6.924155,4.997684,2.139851,8.290729,,19.740659,15.639498,11.817063,15.428264
BCS,Los socios vieron al contable que censuró duramente el director en la junta.,The associates saw the accountant that the director harshly censured in the meeting.,OAA,5,7,8,9-10,11-13,9.696346,9.525186,10.933015,5.497003,13.687396,5.38411,19.453382,16.141103,3.956901,7.457188,4.825418,2.156846,8.774908,,19.453382,16.141103,11.414089,15.757172
BCS,Los socios vieron el documento que censuró duramente el director en la junta.,The associates saw the document that the director harshly censured in the meeting.,OIA,5,7,8,9-10,11-13,9.696346,9.525186,10.933015,4.192316,8.39385,3.278224,19.740659,15.639498,3.86947,7.226413,5.08702,2.124009,8.331728,,19.740659,15.639498,11.095883,15.542757
BCS,Aplaudieron al mecenas que sacó súbitamente al artista del anonimato.,They applauded the patron that quickly brought back the artist from anonymity.,SAA,6,5,6,7-8,9-10,32.770533,7.957097,18.545066,8.511814,13.164997,26.65309,4.351881,11.929613,5.350389,18.769105,,,,,13.164997,26.65309,16.281494,24.119494
BCS,Aplaudieron la escultura que sacó súbitamente al artista del anonimato.,They applauded the sculpture that quickly brought back the artist from anonymity.,SIA,6,5,6,7-8,9-10,32.770533,9.3028,19.073392,10.342292,14.401153,27.827597,4.739849,10.964745,4.615229,18.105419,,,,,14.401153,27.827597,15.704594,22.720648
BCS,Aplaudieron al mecenas que sacó súbitamente el artista del anonimato.,They applauded the patron that the artist quickly brought back from anonymity.,OAA,6,5,6,7-8,9-10,32.770533,7.957097,18.545066,8.511814,13.164997,26.65309,3.945631,11.937499,5.108364,18.221978,,,,,13.164997,26.65309,15.88313,23.330342
BCS,Aplaudieron la escultura que sacó súbitamente el artista del anonimato.,They applauded the sculpture that the artist quickly brought back from anonymity.,OIA,6,5,6,7-8,9-10,32.770533,9.3028,19.073392,10.342292,14.401153,27.827597,4.247662,10.614818,4.44879,17.827474,,,,,14.401153,27.827597,14.86248,22.276264
BCS,Denunciaron al cirujano que acusó en público al médico de calumniador.,They denounced the surgeon that overtly accused the doctor of being a slanderer.,SAA,7,5,6-7,8-9,10-11,22.281555,2.765585,17.567867,3.871578,14.940833,3.537898,7.541401,3.699962,6.330203,2.19389,17.408257,,,,14.940833,11.079299,10.030165,19.602147
BCS,Denunciaron el informe que acusó en público al médico de calumniador.,They denounced the report that overtly accused the doctor of being a slanderer.,SIA,7,5,6-7,8-9,10-11,22.281555,3.476522,8.316358,3.227758,15.822739,3.53229,7.66206,4.063513,6.136827,2.065352,17.532775,,,,15.822739,11.19435,10.20034,19.598127
BCS,Denunciaron al cirujano que acusó en público el médico de calumniador.,They denounced the surgeon that the doctor overtly accused of being a slanderer.,OAA,7,5,6-7,8-9,10-11,22.281555,2.765585,17.567867,3.871578,14.940833,3.537898,7.541401,4.059337,8.490925,2.245445,17.026518,,,,14.940833,11.079299,12.550262,19.271963
BCS,Denunciaron el informe que acusó en público el médico de calumniador.,They denounced the file that the doctor overtly accused of being a slanderer.,OIA,7,5,6-7,8-9,10-11,22.281555,3.476522,8.316358,3.227758,15.822739,3.53229,7.66206,3.508825,7.659822,2.160393,15.948221,,,,15.822739,11.19435,11.168647,18.108614
BCS,El banco apoyó al director que financiaba fuertemente al ejecutivo de inversiones.,The bank supported the director that strongly funded the executive of the investment fund.,SAA,8,7,8,9-10,11-12,8.497128,11.385162,19.621196,8.428802,10.296796,7.038609,14.043859,15.847868,4.546309,8.843217,1.929747,8.078995,,,14.043859,15.847868,13.389526,10.008742
BCS,El banco apoyó el proyecto que financiaba fuertemente al ejecutivo de inversiones.,The bank supported the plan that strongly funded the executive of the investment fund.,SIA,8,7,8,9-10,11-12,8.497128,11.385162,19.621196,6.776459,7.497491,4.006323,12.400219,15.418529,4.421904,10.162787,2.141519,7.137436,,,12.400219,15.418529,14.584691,9.278955
BCS,El banco apoyó al director que financiaba fuertemente el ejecutivo de inversiones.,The bank supported the director that the executive of the investment fund strongly funded.,OAA,8,7,8,9-10,11-12,8.497128,11.385162,19.621196,8.428802,10.296796,7.038609,14.043859,15.847868,3.593184,9.61342,1.888454,8.13478,,,14.043859,15.847868,13.206604,10.023234
BCS,El banco apoyó el proyecto que financiaba fuertemente el ejecutivo de inversiones.,The bank supported the project that the executive of the investment fund strongly funded.,OIA,8,7,8,9-10,11-12,8.497128,11.385162,19.621196,6.776459,7.497491,4.006323,12.400219,15.418529,3.695341,10.884258,2.161176,7.102964,,,12.400219,15.418529,14.579599,9.26414
BCS,Censuraron al periodista que denunció duramente al político a través de la radio.,They censored the journalist that directly denounced the politician through the radio.,SAA,9,5,6,7-8,9-13,31.785295,10.619981,17.001075,9.293694,17.869944,15.346454,4.707249,10.58431,4.334307,5.201829,0.47891,1.611326,7.435799,,17.869944,15.346454,15.291559,19.062171
BCS,Censuraron el programa que denunció duramente al político a través de la radio.,They censored the program that directly denounced the politician through the radio.,SIA,9,5,6,7-8,9-13,31.785295,11.830918,9.61128,4.434234,14.788984,16.116836,4.875204,10.221568,4.500036,4.431156,0.501331,1.543575,7.242942,,14.788984,16.116836,15.096772,18.21904
BCS,Censuraron al periodista que denunció duramente el político a través de la radio.,They censored the journalist that the politician directly denounced through the radio.,OAA,9,5,6,7-8,9-13,31.785295,10.619981,17.001075,9.293694,17.869944,15.346454,3.718967,10.638428,4.353336,5.0495,0.48931,1.597265,7.631871,,17.869944,15.346454,14.357395,19.121282
BCS,Censuraron el programa que denunció duramente el político a través de la radio.,They censored the program that the politician directly denounced through the radio.,OIA,9,5,6,7-8,9-13,31.785295,11.830918,9.61128,4.434234,14.788984,16.116836,3.660361,10.304443,4.49334,4.343296,0.532648,1.51789,7.626679,,14.788984,16.116836,13.964804,18.513853
BCS,Investigaron al testigo que señalaba claramente al asesino durante el juicio.,They investigated the witness that clearly signaled to the murderer during the judgement.,SAA,10,5,6,7-8,9-11,19.10425,6.61898,15.009782,10.337931,18.007463,16.011492,4.681122,17.102236,7.877219,2.500896,8.141277,,,,18.007463,16.011492,21.783358,18.519392
BCS,Investigaron la prueba que señalaba claramente al asesino durante el juicio.,They investigated the evidence that clearly pointed to the murderer during the judgement.,SIA,10,5,6,7-8,9-11,19.10425,5.15023,7.496926,3.643718,15.555204,13.743542,4.916325,18.448485,7.52309,1.958077,8.199568,,,,15.555204,13.743542,23.36481,17.680735
BCS,Investigaron al testigo que señalaba claramente el asesino durante el juicio.,They investigated the witness that the murderer clearly signalled to during the judgement.,OAA,10,5,6,7-8,9-11,19.10425,6.61898,15.009782,10.337931,18.007463,16.011492,4.341279,15.148818,7.899056,2.370509,8.006604,,,,18.007463,16.011492,19.490097,18.276169
BCS,Investigaron la prueba que señalaba claramente el asesino durante el juicio.,They investigated the evidence that the murderer clearly pointed to during the judgement.,OIA,10,5,6,7-8,9-11,19.10425,5.15023,7.496926,3.643718,15.555204,13.743542,4.353825,16.784246,7.44935,1.935781,8.054972,,,,15.555204,13.743542,21.138071,17.440103
BCS,Criticaron al político que superó ilegalmente al candidato en el partido.,They criticized the politician that illegally overcame the candidate in the party.,SAA,11,5,6,7-8,9-11,24.851184,10.690384,17.184775,7.425993,12.532484,17.599016,4.159419,5.621855,4.802958,2.351513,5.725585,,,,12.532484,17.599016,9.781274,12.880056
BCS,Criticaron la votación que superó ilegalmente al candidato en el partido.,They criticized the poll that illegally overcame the candidate in the party.,SIA,11,5,6,7-8,9-11,24.851184,10.532181,21.190648,5.185816,11.326947,16.853955,4.435245,6.607158,4.258396,2.018407,6.288798,,,,11.326947,16.853955,11.042403,12.565601
BCS,Criticaron al político que superó ilegalmente el candidato en el partido.,They criticized the politician that the candidate illegally overcame in the party.,OAA,11,5,6,7-8,9-11,24.851184,10.690384,17.184775,7.425993,12.532484,17.599016,3.253169,7.288147,4.724821,2.290897,5.848661,,,,12.532484,17.599016,10.541316,12.864379
BCS,Criticaron la votación que superó ilegalmente el candidato en el partido.,They criticized the poll that the candidate illegally overcame in the party.,OIA,11,5,6,7-8,9-11,24.851184,10.532181,21.190648,5.185816,11.326947,16.853955,3.474307,8.128157,4.329678,1.993043,6.354385,,,,11.326947,16.853955,11.602464,12.677106
BCS,Asaltaron al secretario que recogió esa tarde al ejecutivo en la estación.,They attacked the secretary that picked up the executive this afternoon at the station.,SAA,12,5,6-7,8-9,10-12,28.099236,8.015766,15.982469,8.825664,19.654177,9.000824,3.266289,4.227506,10.140516,4.48033,1.977656,10.942272,,,19.654177,12.267113,14.368022,17.400258
BCS,Asaltaron el coche que recogió esa tarde al ejecutivo en la estación.,They attacked the car that picked up the executive this afternoon at the station.,SIA,12,5,6-7,8-9,10-12,28.099236,9.548969,12.236063,8.567281,16.941154,9.039089,3.304027,3.756594,10.338379,4.567076,2.048276,10.817317,,,16.941154,12.343116,14.094973,17.432669
BCS,Asaltaron al secretario que recogió esa tarde el ejecutivo en la estación.,They attacked the secretary that the executive picked up this afternoon at the station.,OAA,12,5,6-7,8-9,10-12,28.099236,8.015766,15.982469,8.825664,19.654177,9.000824,3.266289,3.415006,10.537876,4.560158,1.97917,10.89851,,,19.654177,12.267113,13.952882,17.437838
BCS,Asaltaron el coche que recogió esa tarde el ejecutivo en la estación.,They attacked the car that the executive picked up this afternoon at the station.,OIA,12,5,6-7,8-9,10-12,28.099236,9.548969,12.236063,8.567281,16.941154,9.039089,3.304027,3.225344,10.640134,4.627792,2.05485,10.54714,,,16.941154,12.343116,13.865478,17.229782
BCS,El vecino vio al perro que destrozó por completo al motorista en el cruce.,The neighbour saw the dog that completely destroyed the motorist at the crossroads.,SAA,13,7,8-9,10-11,12-14,8.497128,11.623425,10.920779,5.533417,10.213137,6.110886,18.51995,4.99386,7.387041,5.136291,13.435089,4.647405,2.220771,10.105572,18.51995,12.380901,18.57138,16.973748
BCS,El vecino vio el vehículo que destrozó por completo al motorista en el cruce.,The neighbour saw the car that completely destroyed the motorist at the crossroads.,SIA,13,7,8-9,10-11,12-14,8.497128,11.623425,10.920779,4.291229,9.449136,3.383341,16.589127,5.107595,5.188805,5.108326,11.202483,4.331267,2.030513,9.176437,16.589127,10.2964,16.310809,15.538217
BCS,El vecino vio al perro que destrozó por completo el motorista en el cruce.,The neighbour saw the dog that the motorist completely destroyed at the crossroads.,OAA,13,7,8-9,10-11,12-14,8.497128,11.623425,10.920779,5.533417,10.213137,6.110886,18.51995,4.99386,7.387041,4.269104,11.52423,4.625673,2.176886,9.890114,18.51995,12.380901,15.793334,16.692673
BCS,El vecino vio el vehículo que destrozó por completo el motorista en el cruce.,The neighbour saw the car that the motorist completely destroyed at the crossroads.,OIA,13,7,8-9,10-11,12-14,8.497128,11.623425,10.920779,4.291229,9.449136,3.383341,16.589127,5.107595,5.188805,4.764576,9.541484,4.283119,2.003014,9.241912,16.589127,10.2964,14.30606,15.528045
BCS,La policía paró al conductor que remolcó ayer al camionero en la carretera.,The police stopped the driver that towed the trucker yesterday on the highway.,SAA,14,7,8,9-10,11-13,8.532284,9.579966,13.564281,7.797541,11.269326,3.445732,22.998311,10.830378,4.577415,18.322109,4.72088,2.646402,15.91702,,22.998311,10.830378,22.899524,23.284302
BCS,La policía paró el tractor que remolcó ayer al camionero en la carretera.,The police stopped the tractor that towed the trucker yesterday on the highway.,SIA,14,7,8,9-10,11-13,8.532284,9.579966,13.564281,5.867853,10.573067,4.630463,21.588687,11.291022,5.294219,20.435652,4.738893,2.615518,17.587826,,21.588687,11.291022,25.729871,24.942237
BCS,La policía paró al conductor que remolcó ayer el camionero en la carretera.,The police stopped the driver that the trucker towed yesterday on the highway.,OAA,14,7,8,9-10,11-13,8.532284,9.579966,13.564281,7.797541,11.269326,3.445732,22.998311,10.830378,4.178978,17.515767,4.638951,2.597745,16.034359,,22.998311,10.830378,21.694745,23.271055
BCS,La policía paró el tractor que remolcó ayer el camionero en la carretera.,The police stopped the tractor that towed the trucker yesterday on the highway.,OIA,14,7,8,9-10,11-13,8.532284,9.579966,13.564281,5.867853,10.573067,4.630463,21.588687,11.291022,4.727813,18.883741,4.649431,2.582766,17.545981,,21.588687,11.291022,23.611554,24.778178
BCS,La defensa aceptó al testigo que señalo rotundamente al terrorista durante el juicio.,The defence accepted the witness that signalled emphatically to the terrorist during the judgement.,SAA,15,7,8,9-10,11-13,8.532284,18.258272,15.659949,4.906688,8.98427,3.499773,13.324492,17.680259,4.40677,13.682719,7.976274,1.803191,7.865142,,13.324492,17.680259,18.089489,17.644607
BCS,La defensa aceptó la prueba que señalo rotundamente al terrorista durante el juicio.,The defence accepted the evidence that pointed emphatically to the terrorist during the judgement.,SIA,15,7,8,9-10,11-13,8.532284,18.258272,15.659949,2.2895,7.518721,3.694464,12.440285,17.785726,4.871862,12.276857,7.338794,1.859123,6.261798,,12.440285,17.785726,17.148719,15.459715
BCS,La defensa aceptó al testigo que señalo rotundamente el terrorista durante el juicio.,The defence accepted the witness that the terrorist emphatically signalled to during the judgement.,OAA,15,7,8,9-10,11-13,8.532284,18.258272,15.659949,4.906688,8.98427,3.499773,13.324492,17.680259,3.773957,11.743219,8.044885,1.732322,7.808198,,13.324492,17.680259,15.517176,17.585405
BCS,La defensa aceptó la prueba que señalo rotundamente el terrorista durante el juicio.,The defence accepted the evidence that the terrorist emphatically pointed to during the judgement.,OIA,15,7,8,9-10,11-13,8.532284,18.258272,15.659949,2.2895,7.518721,3.694464,12.440285,17.785726,3.813269,10.924408,7.380616,1.848161,6.16148,,12.440285,17.785726,14.737677,15.390257
BCS,Premiaron al asesor que llevó recientemente al candidato al éxito.,They rewarded the advisor that recently led the candidate to success.,SAA,16,5,6,7-8,9-10,28.647234,8.725584,14.758536,9.441272,7.789592,20.546089,4.825187,7.823427,3.692275,7.305431,,,,,7.789592,20.546089,12.648614,10.997706
BCS,Premiaron el programa que llevó recientemente al candidato al éxito.,They rewarded the programme that recently led the candidate to success.,SIA,16,5,6,7-8,9-10,28.647234,10.477537,7.43535,4.711961,8.444017,16.371731,4.597969,7.78095,4.037102,7.323166,,,,,8.444017,16.371731,12.378919,11.360268
BCS,Premiaron al asesor que llevó recientemente el candidato al éxito.,They rewarded the advisor that the candidate recently led to success.,OAA,16,5,6,7-8,9-10,28.647234,8.725584,14.758536,9.441272,7.789592,20.546089,3.907218,8.512375,3.894437,7.353585,,,,,7.789592,20.546089,12.419593,11.248022
BCS,Premiaron el programa que llevó recientemente el candidato al éxito.,They rewarded the programme that the candidate recently led to success,OIA,16,5,6,7-8,9-10,28.647234,10.477537,7.43535,4.711961,8.444017,16.371731,3.926094,8.476157,4.24123,7.290688,,,,,8.444017,16.371731,12.402251,11.531918
BCS,Vieron al anciano que arrolló súbitamente al joven durante el desfile.,They saw the old man that suddenly bumped into the youth during the parade.,SAA,17,5,6,7-8,9-11,20.889938,8.760534,8.418905,9.230328,14.834321,26.898925,3.789782,7.36711,8.126003,2.171526,12.395513,,,,14.834321,26.898925,11.156892,22.693042
BCS,Vieron el coche que arrolló súbitamente al joven durante el desfile.,They saw the car that suddenly ran into the youth during the parade.,SIA,17,5,6,7-8,9-11,20.889938,8.283972,7.178517,6.776317,18.514981,27.393288,4.65887,7.772923,8.371962,2.208029,12.125596,,,,18.514981,27.393288,12.431793,22.705587
BCS,Vieron al anciano que arrolló súbitamente el joven durante el desfile.,They saw the old man that the youth suddenly bumped into during the parade.,OAA,17,5,6,7-8,9-11,20.889938,8.760534,8.418905,9.230328,14.834321,26.898925,3.21947,7.667944,8.075657,2.185161,12.297981,,,,14.834321,26.898925,10.887414,22.558799
BCS,Vieron el coche que arrolló súbitamente el joven durante el desfile.,They saw the car that the youth suddenly bumped into during the parade.,OIA,17,5,6,7-8,9-11,20.889938,8.283972,7.178517,6.776317,18.514981,27.393288,3.37762,7.681599,8.300397,2.209886,11.912589,,,,18.514981,27.393288,11.059219,22.422872
BCS,Conocían al mecenas que promocionó ese año al arquitecto en la ciudad.,They knew the patron that promoted the architect this year in the city.,SAA,18,5,6-7,8-9,10-12,25.667565,7.515949,14.057127,4.75769,20.005063,8.433939,4.333756,5.06896,16.664371,4.021316,2.40214,5.154557,,,20.005063,12.767695,21.733331,11.578013
BCS,Conocían el edificio que promocionó ese año al arquitecto en la ciudad.,They knew the building that promoted the architect this year in the city.,SIA,18,5,6-7,8-9,10-12,25.667565,7.648761,10.510366,6.965055,18.416926,8.560544,3.742889,5.25271,16.683634,4.009101,2.398782,4.783448,,,18.416926,12.303433,21.936344,11.191331
BCS,Conocían al mecenas que promocionó ese año el arquitecto en la ciudad.,They knew the patron that the architect promoted this year in the city.,OAA,18,5,6-7,8-9,10-12,25.667565,7.515949,14.057127,4.75769,20.005063,8.433939,4.333756,3.904898,16.100163,4.024745,2.392346,5.160347,,,20.005063,12.767695,20.005061,11.577438
BCS,Conocían el edificio que promocionó ese año el arquitecto en la ciudad.,They knew the building that the architect promoted this year in the city.,OIA,18,5,6-7,8-9,10-12,25.667565,7.648761,10.510366,6.965055,18.416926,8.560544,3.742889,3.838648,16.6264,4.00365,2.36297,4.833818,,,18.416926,12.303433,20.465048,11.200438
BCS,Secuestraron al capitán que recogió aquella tarde al coronel en el aeródromo.,They kidnapped the captain that picked up the colonel this afternoon at the airport.,SAA,19,5,6-7,8-9,10-12,31.630777,8.958169,8.731307,6.923453,16.94096,8.743589,9.35333,3.781329,7.548249,4.778358,1.953862,17.883403,,,16.94096,18.096919,11.329578,24.615623
BCS,Secuestraron el avión que recogió aquella tarde al coronel en el aeródromo.,They hijacked the plane that picked up the colonel this afternoon at the airport.,SIA,19,5,6-7,8-9,10-12,31.630777,9.385903,7.32497,6.177233,14.491859,8.979034,6.568046,4.429093,8.554081,4.58524,1.942499,16.36079,,,14.491859,15.54708,12.983174,22.888529
BCS,Secuestraron al capitán que recogió aquella tarde el coronel en el aeródromo.,They kidnapped the captain that the colonel picked up this afternoon at the airport.,OAA,19,5,6-7,8-9,10-12,31.630777,8.958169,8.731307,6.923453,16.94096,8.743589,9.35333,3.390704,8.730125,4.844647,1.947193,18.073281,,,16.94096,18.096919,12.120829,24.865121
BCS,Secuestraron el avión que recogió aquella tarde el coronel en el aeródromo.,They hijacked the plane that the colonel picked up this afternoon at the airport.,OIA,19,5,6-7,8-9,10-12,31.630777,9.385903,7.32497,6.177233,14.491859,8.979034,6.568046,3.335344,8.900108,4.515604,1.944534,16.308209,,,14.491859,15.54708,12.235452,22.768347
BCS,El juez cronometró al aspirante que batió ampliamente al campeón en la carrera.,The judge timed the opponent that easily beat the champion in the race.,SAA,20,7,8,9-10,11-13,8.497128,10.626633,21.634161,6.098317,12.114716,4.838891,17.010888,17.252234,4.272169,18.142119,4.098258,2.309545,8.319139,,17.010888,17.252234,22.414288,14.726942
BCS,El juez cronometró la marca que batió ampliamente al campeón en la carrera.,The judge timed the record that easily beat the champion in the race.,SIA,20,7,8,9-10,11-13,8.497128,10.626633,21.634161,5.44988,8.214745,4.571115,16.946882,18.771855,4.668146,17.152989,4.114237,2.223352,7.751826,,16.946882,18.771855,21.821135,14.089415
BCS,El juez cronometró al aspirante que batió ampliamente el campeón en la carrera.,The judge timed the opponent that the champion easily beat in the race.,OAA,20,7,8,9-10,11-13,8.497128,10.626633,21.634161,6.098317,12.114716,4.838891,17.010888,17.252234,3.748731,17.547965,4.066765,2.313987,8.359993,,17.010888,17.252234,21.296696,14.740745
BCS,El juez cronometró la marca que batió ampliamente el campeón en la carrera.,The judge timed the record that the champion easily beat in the race.,OIA,20,7,8,9-10,11-13,8.497128,10.626633,21.634161,5.44988,8.214745,4.571115,16.946882,18.771855,3.547052,14.645401,4.080935,2.217112,7.732086,,16.946882,18.771855,18.192453,14.030133
BCS,Luis defendió al abogado que confundió esa mañana al director del Banco.,Luis defended the lawyer that confused the director of the bank this morning.,SAA,21,6,7-8,9-10,11-12,11.378644,17.844415,5.663784,12.825103,6.130455,14.380077,8.661175,4.116063,4.146285,7.112292,3.068085,5.854721,,,14.380077,12.777238,11.258577,8.922806
BCS,Luis defendió el presupuesto que confundió esa mañana al director del Banco.,Luis defended the budget that confused the director of the bank this morning.,SIA,21,6,7-8,9-10,11-12,11.378644,17.844415,4.429409,8.173196,4.672038,14.401494,8.452739,4.375284,4.088912,7.099907,2.912873,5.347263,,,14.401494,12.828023,11.188819,8.260136
BCS,Luis defendió al abogado que confundió esa mañana el director del Banco.,Luis defended the lawyer that the director of the bank mistook this morning.,OAA,21,6,7-8,9-10,11-12,11.378644,17.844415,5.663784,12.825103,6.130455,14.380077,8.661175,4.116063,3.529098,6.746737,2.85963,5.820306,,,14.380077,12.777238,10.275835,8.679936
BCS,Luis defendió el presupuesto que confundió esa mañana el director del Banco.,Luis defended the budget that the director of the bank mistook this morning.,OIA,21,6,7-8,9-10,11-12,11.378644,17.844415,4.429409,8.173196,4.672038,14.401494,8.452739,4.375284,3.127975,6.57,2.677108,5.290524,,,14.401494,12.828023,9.697975,7.967632
BCS,El cirujano operó al policía que salvó finalmente al joven de la muerte.,The surgeon operated on the policeman that finally saved the youth from death.,SAA,22,7,8,9-10,11-13,8.497128,18.968533,17.44223,6.04245,11.827551,4.501963,8.494964,10.679419,4.518046,7.170255,2.879341,1.819558,7.108301,,8.494964,10.679419,11.688301,11.8072
BCS,El cirujano operó el riñón que salvó finalmente al joven de la muerte.,The surgeon operated on the kidney that finally saved the youth from death.,SIA,22,7,8,9-10,11-13,8.497128,18.968533,17.44223,4.79245,19.12575,5.019741,10.739702,10.807022,5.145352,8.528327,2.939667,1.720603,7.549305,,10.739702,10.807022,13.673679,12.209575
BCS,El cirujano operó al policía que salvó finalmente el joven de la muerte.,The surgeon operated on the policeman that the youth finally saved from death.,OAA,22,7,8,9-10,11-13,8.497128,18.968533,17.44223,6.04245,11.827551,4.501963,8.494964,10.679419,3.541484,7.855756,2.962896,1.811465,7.049088,,8.494964,10.679419,11.39724,11.823449
BCS,El cirujano operó el riñón que salvó finalmente el joven de la muerte.,The surgeon operated on the kidney that the youth finally saved from death.,OIA,22,7,8,9-10,11-13,8.497128,18.968533,17.44223,4.79245,19.12575,5.019741,10.739702,10.807022,4.082852,8.263185,3.031382,1.719494,7.596426,,10.739702,10.807022,12.346037,12.347302
BCS,Vitorearon al boxeador que tiró duramente al aspirante en el cuadrilátero.,They cheered the boxer that harshly knocked down the candidate in the ring.,SAA,23,5,6,7-8,9-11,34.044134,11.089312,21.492866,9.739306,14.477727,13.388263,4.506014,15.052951,4.606059,1.986795,26.509267,,,,14.477727,13.388263,19.558965,33.102121
BCS,Vitorearon el golpe que tiró duramente al aspirante en el cuadrilátero.,They cheered the hit that harshly knocked down the candidate in the ring.,SIA,23,5,6,7-8,9-11,34.044134,10.145952,15.153952,9.72536,14.696427,14.318478,5.05184,13.978394,4.118092,1.670645,28.66399,,,,14.696427,14.318478,19.030234,34.452727
BCS,Vitorearon al boxeador que tiró duramente el aspirante en el cuadrilátero.,They cheered the boxer that the candidate harshly knocked down in the ring.,OAA,23,5,6,7-8,9-11,34.044134,11.089312,21.492866,9.739306,14.477727,13.388263,3.525545,13.82908,4.465542,1.947696,26.731053,,,,14.477727,13.388263,17.354625,33.144291
BCS,Vitorearon el golpe que tiró duramente el aspirante en el cuadrilátero.,They cheered the hit that the candidate harshly launched in the ring,OIA,23,5,6,7-8,9-11,34.044134,10.145952,15.153952,9.72536,14.696427,14.318478,4.102622,13.409805,4.096997,1.711069,28.873914,,,,14.696427,14.318478,17.512427,34.68198
BCS,La competencia manipuló al piloto que superó ampliamente al campeón en la final.,The competition affected the pilot that easily overcame the champion in the final.,SAA,24,7,8,9-10,11-13,8.532284,10.121203,19.733972,6.317378,12.199646,6.056346,11.563331,17.316256,4.557813,16.795349,4.269669,2.551899,8.210491,,11.563331,17.316256,21.353162,15.032059
BCS,La competencia manipuló el coche que superó ampliamente al campeón en la final.,The competition affected the car that easily overcame the champion in the final.,SIA,24,7,8,9-10,11-13,8.532284,10.121203,19.733972,4.704097,11.552984,6.378147,11.028518,17.763042,4.957188,15.868843,4.050677,2.406127,7.793077,,11.028518,17.763042,20.826031,14.249881
BCS,La competencia manipuló al piloto que superó ampliamente el campeón en la final.,The competition affected the pilot that the champion easily overcame in the final.,OAA,24,7,8,9-10,11-13,8.532284,10.121203,19.733972,6.317378,12.199646,6.056346,11.563331,17.316256,4.073438,15.530612,4.237734,2.522357,8.262002,,11.563331,17.316256,19.60405,15.022093
BCS,La competencia manipuló el coche que superó ampliamente el campeón en la final.,The competition affected the car that the champion easily overcame in the final.,OIA,24,7,8,9-10,11-13,8.532284,10.121203,19.733972,4.704097,11.552984,6.378147,11.028518,17.763042,3.925937,14.934021,4.005088,2.379421,7.776503,,11.028518,17.763042,18.859958,14.161012
BCS,La audiencia ovacionó al solista que llevó ese año al director al certamen.,The audience applauded the soloist that took the director to the competition this year.,SAA,25,7,8-9,10-11,12-13,8.532284,10.662053,21.545485,8.218891,11.157825,4.533252,6.667199,7.71382,2.965296,4.943853,6.590402,4.62359,9.322295,,6.667199,10.679116,11.534255,13.945885
BCS,La audiencia ovacionó la sonata que llevó ese año al director al certamen.,The audience applauded the sonata that took the director to the competition this year.,SIA,25,7,8-9,10-11,12-13,8.532284,10.662053,21.545485,7.214985,13.39958,6.414175,6.864045,6.832522,3.119039,4.911431,7.243767,4.926956,10.461248,,6.864045,9.951561,12.155198,15.388204
BCS,La audiencia ovacionó al solista que llevó ese año el director al certamen.,The audience applauded the soloist that the director took to the competition this year.,OAA,25,7,8-9,10-11,12-13,8.532284,10.662053,21.545485,8.218891,11.157825,4.533252,6.667199,7.71382,2.965296,3.646978,6.537826,4.903548,9.815965,,6.667199,10.679116,10.184804,14.719513
BCS,La audiencia ovacionó la sonata que llevó ese año el director al certamen.,The audience applauded the sonata that the director took to the competition this year.,OIA,25,7,8-9,10-11,12-13,8.532284,10.662053,21.545485,7.214985,13.39958,6.414175,6.864045,6.832522,3.119039,4.083306,7.191596,5.142975,10.736162,,6.864045,9.951561,11.274902,15.879137
BCS,El reportero conocía al abogado que salvó finalmente al millonario de la ruina.,The journalist knew the lawyer that finally saved the millionaire from the crash.,SAA,26,7,8,9-10,11-13,8.497128,13.04158,17.737958,4.244149,13.177552,5.876072,14.40512,9.449215,4.304967,15.889156,2.038335,1.772289,11.667315,,14.40512,9.449215,20.194123,15.477939
BCS,El reportero conocía la inversión que salvó finalmente al millonario de la ruina.,The journalist knew the investment that finally saved the millionaire from the crash.,SIA,26,7,8,9-10,11-13,8.497128,13.04158,17.737958,3.017586,9.193226,4.111569,13.482364,10.455536,4.322774,17.484422,1.868731,1.670688,12.861164,,13.482364,10.455536,21.807196,16.400583
BCS,El reportero conocía al abogado que salvó finalmente el millonario de la ruina.,The journalist knew the lawyer that the millionaire finally saved from the crash.,OAA,26,7,8,9-10,11-13,8.497128,13.04158,17.737958,4.244149,13.177552,5.876072,14.40512,9.449215,3.50028,16.071873,2.018676,1.784325,11.715389,,14.40512,9.449215,19.572153,15.51839
BCS,El reportero conocía la inversión que salvó finalmente el millonario de la ruina.,The journalist knew the investment that the millionaire finally saved from the crash.,OIA,26,7,8,9-10,11-13,8.497128,13.04158,17.737958,3.017586,9.193226,4.111569,13.482364,10.455536,3.299336,16.854002,1.824162,1.694584,12.938516,,13.482364,10.455536,20.153338,16.457262
BCS,El botones reconoció al policía que descubrió súbitamente al espía en el hotel.,The bellboy recognized the policeman that discovered the spy by chance in the hotel.,SAA,27,7,8,9-10,11-13,8.497128,16.557007,17.466933,4.311381,9.84531,3.126846,11.727693,18.443623,4.644554,12.168032,3.725823,2.198603,8.55698,,11.727693,18.443623,16.812586,14.481406
BCS,El botones reconoció la firma que descubrió súbitamente al espía en el hotel.,The bellboy recognized the signature that revealed the spy by chance in the hotel.,SIA,27,7,8,9-10,11-13,8.497128,16.557007,17.466933,3.405131,7.458404,4.141379,15.04165,18.728057,5.141037,12.824278,3.675439,2.251159,8.469206,,15.04165,18.728057,17.965315,14.395804
BCS,El botones reconoció al policía que descubrió súbitamente el espía en el hotel.,The bellboy recognized the policeman that the spy discovered by chance in the hotel.,OAA,27,7,8,9-10,11-13,8.497128,16.557007,17.466933,4.311381,9.84531,3.126846,11.727693,18.443623,3.507835,11.861659,3.745955,2.20278,8.538986,,11.727693,18.443623,15.369494,14.487721
BCS,El botones reconoció la firma que descubrió súbitamente el espía en el hotel.,The bellboy recognized the signature that the spy discovered by chance in the hotel.,OIA,27,7,8,9-10,11-13,8.497128,16.557007,17.466933,3.405131,7.458404,4.141379,15.04165,18.728057,3.660569,12.38548,3.648851,2.212517,8.453621,,15.04165,18.728057,16.046049,14.314989
BCS,El jurado eligió al vocalista que llevó justamente al grupo al premio final.,The committee chose the vocalist that led the band justly to the final prize.,SAA,28,7,8,9-10,11-13,8.497128,10.73804,15.073089,3.796435,10.27257,4.436514,6.913076,11.447292,4.386273,6.368997,4.900294,7.770828,8.281173,,6.913076,11.447292,10.75527,20.952295
BCS,El jurado eligió la canción que llevó justamente al grupo al premio final.,The committee chose the song that led the band justly to the final prize.,SIA,28,7,8,9-10,11-13,8.497128,10.73804,15.073089,2.866747,7.059557,4.557298,7.240076,11.13176,4.871633,6.007488,4.916569,8.165875,8.526089,,7.240076,11.13176,10.879121,21.608533
BCS,El jurado eligió al vocalista que llevó justamente el grupo al premio final.,The committee chose the vocalist that the band led justly to the final prize.,OAA,28,7,8,9-10,11-13,8.497128,10.73804,15.073089,3.796435,10.27257,4.436514,6.913076,11.447292,3.659711,6.111442,4.933719,7.535994,8.366032,,6.913076,11.447292,9.771153,20.835745
BCS,El jurado eligió la canción que llevó justamente el grupo al premio final.,The committee chose the song that the band led justly to the final prize.,OIA,28,7,8,9-10,11-13,8.497128,10.73804,15.073089,2.866747,7.059557,4.557298,7.240076,11.13176,3.789601,6.016521,4.904016,7.916007,8.513216,,7.240076,11.13176,9.806122,21.333239
BCS,Tiraron tomates al secretario que llevaba esa tarde al diplomático al mitin.,They threw tomatoes at the secretary that took the diplomat to the rally this afternoon.,SAA,29,6,7-8,9-10,11-12,26.408755,21.183946,6.331225,15.899375,6.061946,7.873797,7.652675,4.093198,4.215896,14.143218,4.834688,13.944377,,,7.873797,11.745873,18.359114,18.779065
BCS,Tiraron tomates al coche que llevaba esa tarde al diplomático al mitin.,They threw tomatoes at the car that took the diplomat to the rally this afternoon.,SIA,29,6,7-8,9-10,11-12,26.408755,21.183946,6.331225,13.833629,9.384492,8.293478,8.053549,4.638987,3.524365,14.589028,4.834002,13.404068,,,8.293478,12.692536,18.113393,18.23807
BCS,Tiraron tomates al secretario que llevaba esa tarde el diplomático al mitin.,They threw tomatoes at the secretary that the diplomat took to the rally this afternoon.,OAA,29,6,7-8,9-10,11-12,26.408755,21.183946,6.331225,15.899375,6.061946,7.873797,7.652675,4.093198,3.571364,14.565253,4.996505,13.628551,,,7.873797,11.745873,18.136617,18.625056
BCS,Tiraron tomates al coche que llevaba esa tarde el diplomático al mitin.,They threw tomatoes at the car that the diplomat carried to the rally this afternoon.,OIA,29,6,7-8,9-10,11-12,26.408755,21.183946,6.331225,13.833629,9.384492,8.293478,8.053549,4.638987,3.336865,14.781257,4.973821,13.216457,,,8.293478,12.692536,18.118122,18.190278
BCS,Denunciaron al millonario que apoyó económicamente al equipo de inversores.,They denounced the millionaire that economically supported the team of investors.,SAA,30,5,6,7-8,9-10,22.281555,2.765585,17.053774,4.649872,16.148866,18.861132,2.746437,5.81817,1.045717,11.695385,,,,,16.148866,18.861132,8.564607,12.741102
BCS,Denunciaron el presupuesto que apoyó económicamente al equipo de inversores.,They denounced the budget that economically supported the team of investors.,SIA,30,5,6,7-8,9-10,22.281555,3.476522,8.139627,3.560218,15.018498,22.129693,3.367572,6.120667,0.988182,12.458875,,,,,15.018498,22.129693,9.488239,13.447057
BCS,Denunciaron al millonario que apoyó económicamente el equipo de inversores.,They denounced the millionaire that the team of investors economically supported.,OAA,30,5,6,7-8,9-10,22.281555,2.765585,17.053774,4.649872,16.148866,18.861132,2.738625,7.685088,1.06081,11.947926,,,,,16.148866,18.861132,10.423713,13.008736
BCS,Denunciaron el presupuesto que apoyó económicamente el equipo de inversores.,They denounced the budget that the team of investors economically supported.,OIA,30,5,6,7-8,9-10,22.281555,3.476522,8.139627,3.560218,15.018498,22.129693,3.101947,7.699143,1.023256,12.718224,,,,,15.018498,22.129693,10.80109,13.74148
BCS,El reportero conocía al político que captó rápidamente al público en el mitin.,The reporter knew the politician that quickly captured the attention of the audience at the rally.,SAA,31,7,8,9-10,11-13,8.497128,13.04158,17.737958,4.244149,8.808082,4.379081,12.628269,11.634047,4.290295,6.858564,3.465377,1.793296,13.239501,,12.628269,11.634047,11.148859,18.498174
BCS,El reportero conocía el discurso que captó rápidamente al público en el mitin.,The reporter knew the speech that quickly captured the attention of the audience at the rally.,SIA,31,7,8,9-10,11-13,8.497128,13.04158,17.737958,3.048836,6.922963,3.72381,12.569462,10.655986,4.507185,6.749605,3.164811,1.875343,13.201596,,12.569462,10.655986,11.25679,18.24175
BCS,El reportero conocía al político que captó rápidamente el público en el mitin.,The reporter knew the politician that the audience quickly captured the attention of at the rally.,OAA,31,7,8,9-10,11-13,8.497128,13.04158,17.737958,4.244149,8.808082,4.379081,12.628269,11.634047,3.501233,7.844095,3.428528,1.790438,13.062558,,12.628269,11.634047,11.345328,18.281524
BCS,El reportero conocía el discurso que captó rápidamente el público en el mitin.,The reporter knew the speech that the audience quickly grasped at the rally.,OIA,31,7,8,9-10,11-13,8.497128,13.04158,17.737958,3.048836,6.922963,3.72381,12.569462,10.655986,3.315779,7.852287,3.143209,1.881775,12.980554,,12.569462,10.655986,11.168066,18.005538
BCS,El público aplaudió al jugador que superó fácilmente al defensa en el partido.,The audience applauded the player that easily overcame the defence at the match.,SAA,32,7,8,9-10,11-13,8.497128,10.994537,8.391865,5.816842,6.885518,3.734949,8.875582,11.677473,3.03974,8.341136,3.737976,1.766603,4.083786,,8.875582,11.677473,11.380876,9.588365
BCS,El público aplaudió la jugada que superó fácilmente al defensa en el partido.,The audience applauded the movement that easily overcame the defence at the match.,SIA,32,7,8,9-10,11-13,8.497128,10.994537,8.391865,2.637154,9.791698,7.675638,10.126514,11.431011,3.249932,8.473716,3.720204,1.73476,5.30139,,10.126514,11.431011,11.723648,10.756354
BCS,El público aplaudió al jugador que superó fácilmente el defensa en el partido.,The audience applauded the player that the defence easily overcame at the match.,OAA,32,7,8,9-10,11-13,8.497128,10.994537,8.391865,5.816842,6.885518,3.734949,8.875582,11.677473,2.625677,9.124994,3.932629,1.777779,4.030983,,8.875582,11.677473,11.750671,9.741391
BCS,El público aplaudió la jugada que superó fácilmente el defensa en el partido.,The audience applauded the movement that the defence easily overcame at the match.,OIA,32,7,8,9-10,11-13,8.497128,10.994537,8.391865,2.637154,9.791698,7.675638,10.126514,11.431011,2.796807,8.767383,3.843653,1.750673,5.221333,,10.126514,11.431011,11.56419,10.815659
BCS,Encontraron al terrorista que disparó violentamente al policía en el atentado.,They found the terrorist that violently shot the policeman in the attack.,SAA,33,5,6,7-8,9-11,28.976908,7.670232,9.282771,4.840221,14.26857,13.702713,4.121366,7.425047,2.727417,1.741846,13.972332,,,,14.26857,13.702713,11.546413,18.441595
BCS,Encontraron el arma que disparó violentamente al policía en el atentado.,They found the weapon that violently shot the policeman in the attack.,SIA,33,5,6,7-8,9-11,28.976908,7.424138,8.107867,3.681667,12.540516,12.590126,3.960494,6.049415,3.337075,1.780539,13.33121,,,,12.540516,12.590126,10.009909,18.448824
BCS,Encontraron al terrorista que disparó violentamente el policía en el atentado.,They found the terrorist that the police violently shot in the attack.,OAA,33,5,6,7-8,9-11,28.976908,7.670232,9.282771,4.840221,14.26857,13.702713,3.379178,9.060453,2.796656,1.771649,14.013022,,,,14.26857,13.702713,12.439631,18.581327
BCS,Encontraron el arma que disparó violentamente el policía en el atentado.,They found the weapon that the police violently shot in the attack.,OIA,33,5,6,7-8,9-11,28.976908,7.424138,8.107867,3.681667,12.540516,12.590126,3.921431,9.063078,3.342565,1.786486,13.769454,,,,12.540516,12.590126,12.984509,18.898505
BCS,Vieron al camionero que empujó brutalmente al conductor fuera de la vía.,They saw the trucker that brutally pushed the driver out of the way.,SAA,34,5,6,7-8,9-12,20.889938,8.760534,18.787548,7.271427,18.847624,14.837877,3.777417,8.525881,8.062232,1.134297,1.821434,9.770287,,,18.847624,14.837877,12.303298,20.78825
BCS,Vieron al coche que empujó brutalmente al conductor fuera de la vía.,They saw the car that brutally pushed the driver out of the way.,SIA,34,5,6,7-8,9-12,20.889938,8.760534,9.713275,7.404876,16.165382,14.656457,3.79802,8.454426,7.8165,1.786521,2.059867,9.3729,,,16.165382,14.656457,12.252446,21.035788
BCS,Vieron al camionero que empujó brutalmente el conductor fuera de la vía.,They saw the trucker that the driver brutally pushed out of the way.,OAA,34,5,6,7-8,9-12,20.889938,8.760534,18.787548,7.271427,18.847624,14.837877,3.246167,8.748042,8.026043,1.162847,1.800343,9.67124,,,18.847624,14.837877,11.994209,20.660473
BCS,Vieron al coche que empujó brutalmente el conductor fuera de la vía.,They show the car that the driver brutally pushed out of the way.,OIA,34,5,6,7-8,9-12,20.889938,8.760534,9.713275,7.404876,16.165382,14.656457,3.282395,8.762174,7.755594,1.954525,2.011289,9.225478,,,16.165382,14.656457,12.044569,20.946886
BCS,Acabaron con el soplón que descubrió sagazmente al agente de seguridad nacional.,They finished with the informer that astutely discovered the agent of national security.,SAA,35,6,7,8-9,10-12,26.271907,12.277827,4.565482,25.474636,8.169184,14.958988,21.635123,4.656577,10.316267,3.173111,9.2229,4.597473,,,14.958988,21.635123,14.972844,16.993484
BCS,Acabaron con la conspiración que descubrió sagazmente al agente de seguridad nacional.,They finished with the conspiracy that astutely revealed the agent of national security.,SIA,35,6,7,8-9,10-12,26.271907,12.277827,4.167045,16.888392,5.135277,14.931477,20.25504,4.455095,9.541689,2.838521,8.437217,3.308884,,,14.931477,20.25504,13.996784,14.584622
BCS,Acabaron con el soplón que descubrió sagazmente el agente de seguridad nacional.,They finished with the informer that the agent of national security astutely discovered.,OAA,35,6,7,8-9,10-12,26.271907,12.277827,4.565482,25.474636,8.169184,14.958988,21.635123,4.043296,9.809494,3.157013,9.189015,4.551986,,,14.958988,21.635123,13.85279,16.898014
BCS,Acabaron con la conspiración que descubrió sagazmente el agente de seguridad nacional.,They finished with the conspiracy that the agent of national security astutely discovered.,OIA,35,6,7,8-9,10-12,26.271907,12.277827,4.167045,16.888392,5.135277,14.931477,20.25504,3.947283,9.432237,2.788488,8.413956,3.364071,,,14.931477,20.25504,13.37952,14.566515
BCS,Promocionaron al novato que ganó esa semana al ajedrecista en el campeonato.,They promoted the rookie that beat the chess player in the championship this week.,SAA,36,5,6-7,8-9,10-12,33.223788,8.750174,16.769978,9.273085,9.988815,9.580952,3.211449,6.474887,26.621523,4.238453,2.138396,8.761665,,,9.988815,12.792401,33.09641,15.138514
BCS,Promocionaron el ordenador que ganó esa semana el ajedrecista en el campeonato.,They promoted the computer that beat the chess player in the championship this week.,SIA,36,5,6-7,8-9,10-12,33.223788,10.405447,11.815277,8.654766,9.792909,8.819748,3.42898,3.832472,27.41478,4.159743,2.298837,14.074845,,,9.792909,12.248728,31.247252,20.533425
BCS,Promocionaron al novato que ganó esa semana el ajedrecista en el campeonato.,They promoted the rookie that the chess player beat this week in the championship.,OAA,36,5,6-7,8-9,10-12,33.223788,8.750174,16.769978,9.273085,9.988815,9.580952,3.211449,4.896762,27.471073,4.261711,2.19128,8.744922,,,9.988815,12.792401,32.367835,15.197913
BCS,Promocionaron el ordenador que ganó esa semana al ajedrecista en el campeonato.,They promoted the computer that the chess player beat this week in the championship.,OIA,36,5,6-7,8-9,10-12,33.223788,10.405447,11.815277,8.654766,9.792909,8.819748,3.42898,6.195753,26.202039,4.016774,2.237419,13.82086,,,9.792909,12.248728,32.397792,20.075053
